{"_id":"5998ae8b-8dff-4f4d-a090-34a6be128c59_AppSrv01_2083531234313672_8993fdfd-a8d4-4326-89fc-ca6facb27705_hello-1_0_war.ear_json","_rev":"1-acd12bcaf332b1fbe0807e77be0c9f79","report":"technology","version":"2.3","productVersion":"24.0.0.3","productRelease":"24.0.0.3","buildID":"v20241125_2333","options":["--baseEdition","--coreEdition","--includeHelpLocation","--liberty","--ndEdition","--traditional","--zosEdition","--excludePackages\u003dch.qos,com.cloudant,com.cognos,com.fasterxml,com.filenet,com.ibatis,com.ibm,com.informix,com.lowagie,com.mchange,com.meterware,com.microsoft,com.mongodb,com.mysql,com.sun,com.sybase,filenet,freemarker,groovy,jakarta,java,javax,net,oracle,org,sqlj,sun,twitter4j,_ibmjsp"],"applications":[{"application":"/opt/IBM/WebSphere/AppServer/profiles/AppSrv01/config/cells/ghettoes1Node01Cell/applications/hello-1_0_war.ear/hello-1_0_war.ear","summary":{"openLiberty":true,"libertyCore":true,"liberty":true,"websphereTraditional":true,"ndLiberty":true,"ndTraditional":true,"zosLiberty":true,"zosTraditional":true},"technologies":[{"technology":"Java Servlet","openLiberty":true,"libertyCore":true,"liberty":true,"websphereTraditional":true,"ndLiberty":true,"ndTraditional":true,"zosLiberty":true,"zosTraditional":true},{"technology":"JavaServer Pages / Expression Language (JSP/EL)","openLiberty":true,"libertyCore":true,"liberty":true,"websphereTraditional":true,"ndLiberty":true,"ndTraditional":true,"zosLiberty":true,"zosTraditional":true}],"incompleteReportErrors":[],"footnotes":[]}],"overallSummary":{"openLiberty":true,"libertyCore":true,"liberty":true,"websphereTraditional":true,"ndLiberty":true,"ndTraditional":true,"zosLiberty":true,"zosTraditional":true},"name":"hello-1_0_war.ear.eval","type":"json","tenantId":"8993fdfd-a8d4-4326-89fc-ca6facb27705","taskname":"5998ae8b-8dff-4f4d-a090-34a6be128c59","created":1732792833845,"profileName":"AppSrv01_2083531234313672","applicationName":"hello-1_0_war.ear","id":"5998ae8b-8dff-4f4d-a090-34a6be128c59_AppSrv01_2083531234313672_8993fdfd-a8d4-4326-89fc-ca6facb27705_hello-1_0_war.ear_json"}