{"_id":"5998ae8b-8dff-4f4d-a090-34a6be128c59_AppSrv01_2083531234313672_8993fdfd-a8d4-4326-89fc-ca6facb27705_hello-1_0_war.ear.EASe_json","_rev":"1-ef904723fa8078ccf094e5ed0c65453f","report":"analysis","version":"1.4","productVersion":"24.0.0.3","productRelease":"24.0.0.3","buildID":"v20241125_2333","options":["--sourceAppServer\u003dwas90","--sourceJava\u003dibm8","--sourceJavaEE\u003dee7","--targetAppServer\u003dEASe","--targetJava\u003dibm8","--targetJavaEE\u003dee7","--targetCloud\u003dcontainers","--includeHelpLocation","--maxUserDefinedRuleResults\u003d100","--userRuleLocation\u003d/root/dc/transformationadvisor-4.0.0/bin/../conf/userDefinedRules","--excludePackages\u003dch.qos,com.cloudant,com.cognos,com.fasterxml,com.filenet,com.ibatis,com.ibm,com.informix,com.lowagie,com.mchange,com.meterware,com.microsoft,com.mongodb,com.mysql,com.sun,com.sybase,filenet,freemarker,groovy,jakarta,java,javax,net,oracle,org,sqlj,sun,twitter4j,_ibmjsp"],"totalRulesFlagged":0,"filesAffected":0,"totalResults":0,"applications":["/opt/IBM/WebSphere/AppServer/profiles/AppSrv01/config/cells/ghettoes1Node01Cell/applications/hello-1_0_war.ear/hello-1_0_war.ear"],"rules":[],"name":"hello-1_0_war.ear.EASe.analyze","type":"json","tenantId":"8993fdfd-a8d4-4326-89fc-ca6facb27705","taskname":"5998ae8b-8dff-4f4d-a090-34a6be128c59","created":1732792833844,"profileName":"AppSrv01_2083531234313672","applicationName":"hello-1_0_war.ear.EASe","id":"5998ae8b-8dff-4f4d-a090-34a6be128c59_AppSrv01_2083531234313672_8993fdfd-a8d4-4326-89fc-ca6facb27705_hello-1_0_war.ear.EASe_json"}